<?xml version="1.0" encoding="UTF-8"?>
<metadata xml:lang="en"><Esri><CreaDate>20171219</CreaDate><CreaTime>08243000</CreaTime><ArcGISFormat>1.0</ArcGISFormat><ArcGISstyle>ISO 19139 Metadata Implementation Specification GML3.2</ArcGISstyle><SyncOnce>TRUE</SyncOnce><DataProperties><itemProps><itemLocation><linkage Sync="TRUE">file://\\gs.doi.net\DenverCO-g_gecsc\gecsc\ProjectWorkspace\GeoMAC\current_year\perimeter_current_year\incoming\jim\2017_12_19_tues_2_perims_CA\ca_thomas_20171218_2109_dd83</linkage><protocol Sync="TRUE">Local Area Network</protocol></itemLocation></itemProps><copyHistory><copy source="C:\a1_load\reproject\ca_thomas_20171218_2109_dd83" dest="\\gs.doi.net\DenverCO-g_gecsc\gecsc\ProjectWorkspace\GeoMAC\current_year\perimeter_current_year\incoming\jim\2017_12_19_tues_2_perims_CA\ca_thomas_20171218_2109_dd83" date="20171219" time="08243000"></copy></copyHistory></DataProperties></Esri></metadata>
