<?xml version="1.0" encoding="UTF-8"?>
<metadata xml:lang="en"><Esri><CreaDate>20160705</CreaDate><CreaTime>11372200</CreaTime><ArcGISFormat>1.0</ArcGISFormat><SyncOnce>TRUE</SyncOnce><DataProperties><itemProps><itemLocation><linkage Sync="TRUE">file://\\gs.doi.net\denverco-g_gecsc\GECSC\Projects\GeoMAC\current_year\perimeter_current_year\incoming\jim\07_05_Tues_24_perims\ca_pine_20160705_0049_dd83</linkage><protocol Sync="TRUE">Local Area Network</protocol></itemLocation></itemProps><copyHistory><copy source="C:\a1_load\reproject\ca_pine_20160705_0049_dd83" dest="\\gs.doi.net\denverco-g_gecsc\GECSC\Projects\GeoMAC\current_year\perimeter_current_year\incoming\jim\07_05_Tues_24_perims\ca_pine_20160705_0049_dd83" date="20160705" time="11372200"></copy></copyHistory></DataProperties></Esri></metadata>
