<?xml version="1.0" encoding="UTF-8"?>
<metadata xml:lang="en"><Esri><CreaDate>20160719</CreaDate><CreaTime>08364800</CreaTime><ArcGISFormat>1.0</ArcGISFormat><SyncOnce>TRUE</SyncOnce><DataProperties><itemProps><itemLocation><linkage Sync="TRUE">file://\\gs.doi.net\denverco-g_gecsc\GECSC\Projects\GeoMAC\current_year\perimeter_current_year\incoming\jim\07_19_tues_1_perim_Calif_only\ca_pine_20160719_0213_dd83</linkage><protocol Sync="TRUE">Local Area Network</protocol></itemLocation></itemProps><copyHistory><copy source="C:\a1_load\ca_pine_20160719_0213_dd83" dest="\\gs.doi.net\denverco-g_gecsc\GECSC\Projects\GeoMAC\current_year\perimeter_current_year\incoming\jim\07_19_tues_1_perim_Calif_only\ca_pine_20160719_0213_dd83" date="20160719" time="08364800"></copy></copyHistory></DataProperties></Esri></metadata>
