<?xml version="1.0" encoding="UTF-8"?>
<metadata xml:lang="en"><Esri><CreaDate>20181113</CreaDate><CreaTime>09541500</CreaTime><ArcGISFormat>1.0</ArcGISFormat><SyncOnce>TRUE</SyncOnce><DataProperties><lineage><Process ToolSource="c:\program files (x86)\arcgis\desktop10.6\ArcToolbox\Toolboxes\Data Management Tools.tbx\CreateFeatureclass" Date="20181112" Time="222923">CreateFeatureclass C:\2018_Incidents\Hill\ir\20181113 20181112_2114_Hill_HeatPerimeter POLYGON # DISABLED DISABLED # # 0 0 0</Process><Process ToolSource="c:\program files (x86)\arcgis\desktop10.6\ArcToolbox\Toolboxes\Data Management Tools.tbx\AddField" Date="20181112" Time="222923">AddField C:\2018_Incidents\Hill\ir\20181113\20181112_2114_Hill_HeatPerimeter.shp GIS_Acres DOUBLE # # # # NULLABLE NON_REQUIRED #</Process><Process ToolSource="c:\program files (x86)\arcgis\desktop10.6\ArcToolbox\Toolboxes\Data Management Tools.tbx\DefineProjection" Date="20181112" Time="222923">DefineProjection C:\2018_Incidents\Hill\ir\20181113\20181112_2114_Hill_HeatPerimeter.shp PROJCS['NAD_1983_California_Teale_Albers',GEOGCS['GCS_North_American_1983',DATUM['D_North_American_1983',SPHEROID['GRS_1980',6378137.0,298.257222101]],PRIMEM['Greenwich',0.0],UNIT['Degree',0.0174532925199433]],PROJECTION['Albers'],PARAMETER['False_Easting',0.0],PARAMETER['False_Northing',-4000000.0],PARAMETER['Central_Meridian',-120.0],PARAMETER['Standard_Parallel_1',34.0],PARAMETER['Standard_Parallel_2',40.5],PARAMETER['Latitude_Of_Origin',0.0],UNIT['Meter',1.0]]</Process><Process ToolSource="c:\program files (x86)\arcgis\desktop10.6\ArcToolbox\Toolboxes\Data Management Tools.tbx\Append" Date="20181112" Time="222923">Append '20181112  Group Layer\20181111_2130_hILL_HeatPerimeter' C:\2018_Incidents\Hill\ir\20181113\20181112_2114_Hill_HeatPerimeter.shp NO_TEST "Id "Id" true false false 6 Long 0 6 ,First,#,20181112  Group Layer\20181111_2130_hILL_HeatPerimeter,Id,-1,-1;GIS_Acres "GIS_Acres" true false false 19 Double 0 0 ,First,#,20181112  Group Layer\20181111_2130_hILL_HeatPerimeter,GIS_Acres,-1,-1" #</Process></lineage><itemProps><itemLocation><linkage Sync="TRUE">file://\\gs.doi.net\DenverCO-g_gecsc\gecsc\ProjectWorkspace\GeoMAC\current_year\perimeter_current_year\incoming\jim\11_13_tues_a_7_perims_CA\ca_hill_20181112_2114_dd83</linkage><protocol Sync="TRUE">Local Area Network</protocol></itemLocation></itemProps><copyHistory><copy source="C:\a1_load\reproject\ca_hill_20181112_2114_dd83" dest="\\gs.doi.net\DenverCO-g_gecsc\gecsc\ProjectWorkspace\GeoMAC\current_year\perimeter_current_year\incoming\jim\11_13_tues_a_7_perims_CA\ca_hill_20181112_2114_dd83" date="20181113" time="09541500"></copy></copyHistory></DataProperties></Esri></metadata>
