<?xml version="1.0" encoding="UTF-8"?>
<metadata xml:lang="en"><Esri><CreaDate>20151230</CreaDate><CreaTime>13214500</CreaTime><ArcGISFormat>1.0</ArcGISFormat><SyncOnce>TRUE</SyncOnce><DataProperties><itemProps><itemLocation><linkage Sync="TRUE">file://\\IGSKAECGWS86036\E$\Perimeters2015\to_load_1229\ca_solimar_20151229_1456_dd83</linkage><protocol Sync="TRUE">Local Area Network</protocol></itemLocation></itemProps><copyHistory><copy source="P:\incoming\jim\12_30_Wednes_1_perim\ca_solimar_20151229_1456_dd83" dest="\\IGSKAECGWS86036\E$\Perimeters2015\to_load_1229\ca_solimar_20151229_1456_dd83" date="20151230" time="13214500"></copy></copyHistory></DataProperties></Esri></metadata>
