<?xml version="1.0" encoding="UTF-8"?>
<metadata xml:lang="en"><Esri><CreaDate>20181114</CreaDate><CreaTime>09283000</CreaTime><ArcGISFormat>1.0</ArcGISFormat><SyncOnce>TRUE</SyncOnce><DataProperties><lineage><Process ToolSource="c:\program files (x86)\arcgis\desktop10.6\ArcToolbox\Toolboxes\Data Management Tools.tbx\CreateFeatureclass" Date="20181113" Time="204701">CreateFeatureclass C:\2018_Incidents\Woosley\ir\20181114 20181114_2046_Woolsley_HeatPerimeter POLYGON # DISABLED DISABLED # # 0 0 0</Process><Process ToolSource="c:\program files (x86)\arcgis\desktop10.6\ArcToolbox\Toolboxes\Data Management Tools.tbx\AddField" Date="20181113" Time="204701">AddField C:\2018_Incidents\Woosley\ir\20181114\20181114_2046_Woolsley_HeatPerimeter.shp GIS_Acres DOUBLE # # # # NULLABLE NON_REQUIRED #</Process><Process ToolSource="c:\program files (x86)\arcgis\desktop10.6\ArcToolbox\Toolboxes\Data Management Tools.tbx\DefineProjection" Date="20181113" Time="204701">DefineProjection C:\2018_Incidents\Woosley\ir\20181114\20181114_2046_Woolsley_HeatPerimeter.shp PROJCS['NAD_1983_California_Teale_Albers',GEOGCS['GCS_North_American_1983',DATUM['D_North_American_1983',SPHEROID['GRS_1980',6378137.0,298.257222101]],PRIMEM['Greenwich',0.0],UNIT['Degree',0.0174532925199433]],PROJECTION['Albers'],PARAMETER['False_Easting',0.0],PARAMETER['False_Northing',-4000000.0],PARAMETER['Central_Meridian',-120.0],PARAMETER['Standard_Parallel_1',34.0],PARAMETER['Standard_Parallel_2',40.5],PARAMETER['Latitude_Of_Origin',0.0],UNIT['Meter',1.0]]</Process><Process ToolSource="c:\program files (x86)\arcgis\desktop10.6\ArcToolbox\Toolboxes\Data Management Tools.tbx\Append" Date="20181113" Time="204701">Append '20181113  Group Layer\20181112_2114_Woolsey_HeatPerimeter' C:\2018_Incidents\Woosley\ir\20181114\20181114_2046_Woolsley_HeatPerimeter.shp NO_TEST "Id "Id" true false false 6 Long 0 6 ,First,#,20181113  Group Layer\20181112_2114_Woolsey_HeatPerimeter,Id,-1,-1;GIS_Acres "GIS_Acres" true false false 19 Double 0 0 ,First,#,20181113  Group Layer\20181112_2114_Woolsey_HeatPerimeter,GIS_Acres,-1,-1" #</Process><Process ToolSource="C:\Program Files (x86)\XTools\XTools Pro\Toolbox\XTools Pro.tbx\XToolsGP_CalculateGeometry" Date="20181113" Time="213046">XToolsGP_CalculateGeometry 20181114_2046_Woolsley_HeatPerimeter "ACRES GIS_Acres" Unknown PROJCS['NAD_1983_California_Teale_Albers',GEOGCS['GCS_North_American_1983',DATUM['D_North_American_1983',SPHEROID['GRS_1980',6378137.0,298.257222101]],PRIMEM['Greenwich',0.0],UNIT['Degree',0.0174532925199433]],PROJECTION['Albers'],PARAMETER['False_Easting',0.0],PARAMETER['False_Northing',-4000000.0],PARAMETER['Central_Meridian',-120.0],PARAMETER['Standard_Parallel_1',34.0],PARAMETER['Standard_Parallel_2',40.5],PARAMETER['Latitude_Of_Origin',0.0],UNIT['Meter',1.0]] Meters PLANAR</Process></lineage><itemProps><itemLocation><linkage Sync="TRUE">file://\\gs.doi.net\DenverCO-g_gecsc\gecsc\ProjectWorkspace\GeoMAC\current_year\perimeter_current_year\incoming\jim\11_14_wed_7_perims_CA_wfds\ca_woolsey_20181113_2046_dd83</linkage><protocol Sync="TRUE">Local Area Network</protocol></itemLocation></itemProps><copyHistory><copy source="C:\a1_load\reproject\ca_woolsey_20181113_2046_dd83" dest="\\gs.doi.net\DenverCO-g_gecsc\gecsc\ProjectWorkspace\GeoMAC\current_year\perimeter_current_year\incoming\jim\11_14_wed_7_perims_CA_wfds\ca_woolsey_20181113_2046_dd83" date="20181114" time="09283000"></copy></copyHistory></DataProperties></Esri></metadata>
