<?xml version="1.0" encoding="UTF-8"?>
<metadata xml:lang="en"><Esri><CreaDate>20191105</CreaDate><CreaTime>11141400</CreaTime><ArcGISFormat>1.0</ArcGISFormat><SyncOnce>TRUE</SyncOnce><DataProperties><itemProps><itemLocation><linkage Sync="TRUE">file://\\gs.doi.net\DenverCO-g_gecsc\gecsc\ProjectWorkspace\GeoMAC\current_year\perimeter_current_year\incoming\jim\2019_11_05_a_tues_2_gacc\ca_maria_20191105_0115_dd83</linkage><protocol Sync="TRUE">Local Area Network</protocol></itemLocation></itemProps><copyHistory><copy source="C:\a1_load\11_05_tues__gacc__wfds\ca_maria_20191105_0115_dd83" dest="\\gs.doi.net\DenverCO-g_gecsc\gecsc\ProjectWorkspace\GeoMAC\current_year\perimeter_current_year\incoming\jim\2019_11_05_a_tues_2_gacc\ca_maria_20191105_0115_dd83" date="20191105" time="11141400"></copy></copyHistory></DataProperties></Esri></metadata>
