<?xml version="1.0" encoding="UTF-8"?>
<metadata xml:lang="en"><Esri><CreaDate>20160707</CreaDate><CreaTime>14233800</CreaTime><ArcGISFormat>1.0</ArcGISFormat><SyncOnce>TRUE</SyncOnce><DataProperties><itemProps><itemLocation><linkage Sync="TRUE">file://\\gs.doi.net\DenverCO-g_gecsc\GECSC\Projects\GeoMAC\current_year\perimeter_current_year\incoming\liz\0707_load\ca_pine_20160706_2304_dd83</linkage><protocol Sync="TRUE">Local Area Network</protocol></itemLocation></itemProps><copyHistory><copy source="P:\incoming\jim\07_07_Thurs_5_perims\ca_pine_20160706_2304_dd83" dest="\\gs.doi.net\DenverCO-g_gecsc\GECSC\Projects\GeoMAC\current_year\perimeter_current_year\incoming\liz\0707_load\ca_pine_20160706_2304_dd83" date="20160707" time="14233800"></copy></copyHistory></DataProperties></Esri></metadata>
