<?xml version="1.0" encoding="UTF-8"?>
<metadata xml:lang="en"><Esri><CreaDate>20181113</CreaDate><CreaTime>09541500</CreaTime><ArcGISFormat>1.0</ArcGISFormat><SyncOnce>FALSE</SyncOnce><DataProperties><lineage><Process ToolSource="c:\program files (x86)\arcgis\desktop10.6\ArcToolbox\Toolboxes\Data Management Tools.tbx\CreateFeatureclass" Date="20181112" Time="225624">CreateFeatureclass C:\2018_Incidents\Woosley\ir\20181113 20181112_2114_Woolsey_HeatPerimeter POLYGON # DISABLED DISABLED # # 0 0 0</Process><Process ToolSource="c:\program files (x86)\arcgis\desktop10.6\ArcToolbox\Toolboxes\Data Management Tools.tbx\AddField" Date="20181112" Time="225624">AddField C:\2018_Incidents\Woosley\ir\20181113\20181112_2114_Woolsey_HeatPerimeter.shp GIS_Acres DOUBLE # # # # NULLABLE NON_REQUIRED #</Process><Process ToolSource="c:\program files (x86)\arcgis\desktop10.6\ArcToolbox\Toolboxes\Data Management Tools.tbx\DefineProjection" Date="20181112" Time="225625">DefineProjection C:\2018_Incidents\Woosley\ir\20181113\20181112_2114_Woolsey_HeatPerimeter.shp PROJCS['NAD_1983_California_Teale_Albers',GEOGCS['GCS_North_American_1983',DATUM['D_North_American_1983',SPHEROID['GRS_1980',6378137.0,298.257222101]],PRIMEM['Greenwich',0.0],UNIT['Degree',0.0174532925199433]],PROJECTION['Albers'],PARAMETER['False_Easting',0.0],PARAMETER['False_Northing',-4000000.0],PARAMETER['Central_Meridian',-120.0],PARAMETER['Standard_Parallel_1',34.0],PARAMETER['Standard_Parallel_2',40.5],PARAMETER['Latitude_Of_Origin',0.0],UNIT['Meter',1.0]]</Process><Process ToolSource="c:\program files (x86)\arcgis\desktop10.6\ArcToolbox\Toolboxes\Data Management Tools.tbx\Append" Date="20181112" Time="225625">Append '20181112  Group Layer\20181112_2235_Woolsey_HeatPerimeter' C:\2018_Incidents\Woosley\ir\20181113\20181112_2114_Woolsey_HeatPerimeter.shp NO_TEST "Id "Id" true false false 6 Long 0 6 ,First,#,20181112  Group Layer\20181112_2235_Woolsey_HeatPerimeter,Id,-1,-1;GIS_Acres "GIS_Acres" true false false 19 Double 0 0 ,First,#,20181112  Group Layer\20181112_2235_Woolsey_HeatPerimeter,GIS_Acres,-1,-1" #</Process><Process ToolSource="C:\Program Files (x86)\XTools\XTools Pro\Toolbox\XTools Pro.tbx\XToolsGP_CalculateGeometry" Date="20181112" Time="233013">XToolsGP_CalculateGeometry 20181112_2114_Woolsey_HeatPerimeter "ACRES GIS_Acres" Unknown PROJCS['NAD_1983_California_Teale_Albers',GEOGCS['GCS_North_American_1983',DATUM['D_North_American_1983',SPHEROID['GRS_1980',6378137.0,298.257222101]],PRIMEM['Greenwich',0.0],UNIT['Degree',0.0174532925199433]],PROJECTION['Albers'],PARAMETER['False_Easting',0.0],PARAMETER['False_Northing',-4000000.0],PARAMETER['Central_Meridian',-120.0],PARAMETER['Standard_Parallel_1',34.0],PARAMETER['Standard_Parallel_2',40.5],PARAMETER['Latitude_Of_Origin',0.0],UNIT['Meter',1.0]] Meters PLANAR</Process><Process ToolSource="C:\Program Files (x86)\XTools\XTools Pro\Toolbox\XTools Pro.tbx\XToolsGP_CalculateGeometry" Date="20181112" Time="234149">XToolsGP_CalculateGeometry 20181112_2114_Woolsey_HeatPerimeter "ACRES GIS_Acres" Unknown PROJCS['NAD_1983_California_Teale_Albers',GEOGCS['GCS_North_American_1983',DATUM['D_North_American_1983',SPHEROID['GRS_1980',6378137.0,298.257222101]],PRIMEM['Greenwich',0.0],UNIT['Degree',0.0174532925199433]],PROJECTION['Albers'],PARAMETER['False_Easting',0.0],PARAMETER['False_Northing',-4000000.0],PARAMETER['Central_Meridian',-120.0],PARAMETER['Standard_Parallel_1',34.0],PARAMETER['Standard_Parallel_2',40.5],PARAMETER['Latitude_Of_Origin',0.0],UNIT['Meter',1.0]] Meters PLANAR</Process><Process ToolSource="c:\arcgis\desktop10.5\ArcToolbox\Toolboxes\Data Management Tools.tbx\Dissolve" Date="20181113" Time="092212">Dissolve ca_woolsey_20181112_2114_Woolsey_HeatPerimeter__chk_vs_2235 C:\a1_load\ca_woolsey_20181112_2114_ir_heat_alb_DISSLV_make_Actv.shp Id # MULTI_PART DISSOLVE_LINES</Process></lineage><itemProps><itemName Sync="TRUE">ca_woolsey_20181112_2114_ir_heat_alb_DISSLV_make_Actv</itemName><imsContentType Sync="TRUE">002</imsContentType><itemSize Sync="TRUE">0.000</itemSize><itemLocation><linkage Sync="TRUE">file://\\gs.doi.net\DenverCO-g_gecsc\gecsc\ProjectWorkspace\GeoMAC\current_year\perimeter_current_year\incoming\jim\11_13_tues_a_7_perims_CA\ca_woolsey_20181112_2114_dd83</linkage><protocol Sync="TRUE">Local Area Network</protocol></itemLocation></itemProps><coordRef><type Sync="TRUE">Projected</type><geogcsn Sync="TRUE">GCS_North_American_1983</geogcsn><csUnits Sync="TRUE">Linear Unit: Meter (1.000000)</csUnits><projcsn Sync="TRUE">NAD_1983_California_Teale_Albers</projcsn><peXml Sync="TRUE">&lt;ProjectedCoordinateSystem xsi:type='typens:ProjectedCoordinateSystem' xmlns:xsi='http://www.w3.org/2001/XMLSchema-instance' xmlns:xs='http://www.w3.org/2001/XMLSchema' xmlns:typens='http://www.esri.com/schemas/ArcGIS/10.5'&gt;&lt;WKT&gt;PROJCS[&amp;quot;NAD_1983_California_Teale_Albers&amp;quot;,GEOGCS[&amp;quot;GCS_North_American_1983&amp;quot;,DATUM[&amp;quot;D_North_American_1983&amp;quot;,SPHEROID[&amp;quot;GRS_1980&amp;quot;,6378137.0,298.257222101]],PRIMEM[&amp;quot;Greenwich&amp;quot;,0.0],UNIT[&amp;quot;Degree&amp;quot;,0.0174532925199433]],PROJECTION[&amp;quot;Albers&amp;quot;],PARAMETER[&amp;quot;False_Easting&amp;quot;,0.0],PARAMETER[&amp;quot;False_Northing&amp;quot;,-4000000.0],PARAMETER[&amp;quot;Central_Meridian&amp;quot;,-120.0],PARAMETER[&amp;quot;Standard_Parallel_1&amp;quot;,34.0],PARAMETER[&amp;quot;Standard_Parallel_2&amp;quot;,40.5],PARAMETER[&amp;quot;Latitude_Of_Origin&amp;quot;,0.0],UNIT[&amp;quot;Meter&amp;quot;,1.0],AUTHORITY[&amp;quot;EPSG&amp;quot;,3310]]&lt;/WKT&gt;&lt;XOrigin&gt;-16909700&lt;/XOrigin&gt;&lt;YOrigin&gt;-8597000&lt;/YOrigin&gt;&lt;XYScale&gt;266332319.7555542&lt;/XYScale&gt;&lt;ZOrigin&gt;-100000&lt;/ZOrigin&gt;&lt;ZScale&gt;10000&lt;/ZScale&gt;&lt;MOrigin&gt;-100000&lt;/MOrigin&gt;&lt;MScale&gt;10000&lt;/MScale&gt;&lt;XYTolerance&gt;0.001&lt;/XYTolerance&gt;&lt;ZTolerance&gt;0.001&lt;/ZTolerance&gt;&lt;MTolerance&gt;0.001&lt;/MTolerance&gt;&lt;HighPrecision&gt;true&lt;/HighPrecision&gt;&lt;WKID&gt;3310&lt;/WKID&gt;&lt;LatestWKID&gt;3310&lt;/LatestWKID&gt;&lt;/ProjectedCoordinateSystem&gt;</peXml></coordRef><copyHistory><copy source="C:\a1_load\reproject\ca_woolsey_20181112_2114_dd83" dest="\\gs.doi.net\DenverCO-g_gecsc\gecsc\ProjectWorkspace\GeoMAC\current_year\perimeter_current_year\incoming\jim\11_13_tues_a_7_perims_CA\ca_woolsey_20181112_2114_dd83" date="20181113" time="09541500"></copy></copyHistory></DataProperties><SyncDate>20181113</SyncDate><SyncTime>09221100</SyncTime><ModDate>20181113</ModDate><ModTime>09221100</ModTime></Esri><dataIdInfo><envirDesc Sync="TRUE"> Version 6.2 (Build 9200) ; Esri ArcGIS 10.5.1.7333</envirDesc><dataLang><languageCode value="eng" Sync="TRUE"></languageCode><countryCode value="USA" Sync="TRUE"></countryCode></dataLang><idCitation><resTitle Sync="TRUE">ca_woolsey_20181112_2114_ir_heat_alb_DISSLV_make_Actv</resTitle><presForm><PresFormCd value="005" Sync="TRUE"></PresFormCd></presForm></idCitation><spatRpType><SpatRepTypCd value="001" Sync="TRUE"></SpatRepTypCd></spatRpType></dataIdInfo><mdLang><languageCode value="eng" Sync="TRUE"></languageCode><countryCode value="USA" Sync="TRUE"></countryCode></mdLang><mdChar><CharSetCd value="004" Sync="TRUE"></CharSetCd></mdChar><distInfo><distFormat><formatName Sync="TRUE">Shapefile</formatName></distFormat><distTranOps><transSize Sync="TRUE">0.000</transSize></distTranOps></distInfo><mdHrLv><ScopeCd value="005" Sync="TRUE"></ScopeCd></mdHrLv><mdHrLvName Sync="TRUE">dataset</mdHrLvName><refSysInfo><RefSystem><refSysID><identCode code="3310" Sync="TRUE"></identCode><idCodeSpace Sync="TRUE">EPSG</idCodeSpace><idVersion Sync="TRUE">6.8(9.2.0)</idVersion></refSysID></RefSystem></refSysInfo><spatRepInfo><VectSpatRep><geometObjs Name="ca_woolsey_20181112_2114_ir_heat_alb_DISSLV_make_Actv"><geoObjTyp><GeoObjTypCd value="002" Sync="TRUE"></GeoObjTypCd></geoObjTyp><geoObjCnt Sync="TRUE">0</geoObjCnt></geometObjs><topLvl><TopoLevCd value="001" Sync="TRUE"></TopoLevCd></topLvl></VectSpatRep></spatRepInfo><spdoinfo><ptvctinf><esriterm Name="ca_woolsey_20181112_2114_ir_heat_alb_DISSLV_make_Actv"><efeatyp Sync="TRUE">Simple</efeatyp><efeageom code="4" Sync="TRUE"></efeageom><esritopo Sync="TRUE">FALSE</esritopo><efeacnt Sync="TRUE">0</efeacnt><spindex Sync="TRUE">FALSE</spindex><linrefer Sync="TRUE">FALSE</linrefer></esriterm></ptvctinf></spdoinfo><eainfo><detailed Name="ca_woolsey_20181112_2114_ir_heat_alb_DISSLV_make_Actv"><enttyp><enttypl Sync="TRUE">ca_woolsey_20181112_2114_ir_heat_alb_DISSLV_make_Actv</enttypl><enttypt Sync="TRUE">Feature Class</enttypt><enttypc Sync="TRUE">0</enttypc></enttyp><attr><attrlabl Sync="TRUE">FID</attrlabl><attalias Sync="TRUE">FID</attalias><attrtype Sync="TRUE">OID</attrtype><attwidth Sync="TRUE">4</attwidth><atprecis Sync="TRUE">0</atprecis><attscale Sync="TRUE">0</attscale><attrdef Sync="TRUE">Internal feature number.</attrdef><attrdefs Sync="TRUE">Esri</attrdefs><attrdomv><udom Sync="TRUE">Sequential unique whole numbers that are automatically generated.</udom></attrdomv></attr><attr><attrlabl Sync="TRUE">Shape</attrlabl><attalias Sync="TRUE">Shape</attalias><attrtype Sync="TRUE">Geometry</attrtype><attwidth Sync="TRUE">0</attwidth><atprecis Sync="TRUE">0</atprecis><attscale Sync="TRUE">0</attscale><attrdef Sync="TRUE">Feature geometry.</attrdef><attrdefs Sync="TRUE">Esri</attrdefs><attrdomv><udom Sync="TRUE">Coordinates defining the features.</udom></attrdomv></attr><attr><attrlabl Sync="TRUE">Id</attrlabl><attalias Sync="TRUE">Id</attalias><attrtype Sync="TRUE">Integer</attrtype><attwidth Sync="TRUE">10</attwidth><atprecis Sync="TRUE">10</atprecis><attscale Sync="TRUE">0</attscale></attr></detailed></eainfo><mdDateSt Sync="TRUE">20181113</mdDateSt></metadata>
