<?xml version="1.0" encoding="UTF-8"?>
<metadata xml:lang="en"><Esri><CreaDate>20181110</CreaDate><CreaTime>09342800</CreaTime><ArcGISFormat>1.0</ArcGISFormat><SyncOnce>TRUE</SyncOnce><DataProperties><lineage><Process ToolSource="c:\program files (x86)\arcgis\desktop10.6\ArcToolbox\Toolboxes\Data Management Tools.tbx\CreateFeatureclass" Date="20181109" Time="231053">CreateFeatureclass C:\2018_Incidents\Hill\ir\20181110 20181109_2150_Hill_HeatPerimeter POLYGON # DISABLED DISABLED # # 0 0 0</Process><Process ToolSource="c:\program files (x86)\arcgis\desktop10.6\ArcToolbox\Toolboxes\Data Management Tools.tbx\AddField" Date="20181109" Time="231053">AddField C:\2018_Incidents\Hill\ir\20181110\20181109_2150_Hill_HeatPerimeter.shp GIS_Acres DOUBLE # # # # NULLABLE NON_REQUIRED #</Process><Process ToolSource="c:\program files (x86)\arcgis\desktop10.6\ArcToolbox\Toolboxes\Data Management Tools.tbx\DefineProjection" Date="20181109" Time="231053">DefineProjection C:\2018_Incidents\Hill\ir\20181110\20181109_2150_Hill_HeatPerimeter.shp PROJCS['NAD_1983_California_Teale_Albers',GEOGCS['GCS_North_American_1983',DATUM['D_North_American_1983',SPHEROID['GRS_1980',6378137.0,298.257222101]],PRIMEM['Greenwich',0.0],UNIT['Degree',0.0174532925199433]],PROJECTION['Albers'],PARAMETER['False_Easting',0.0],PARAMETER['False_Northing',-4000000.0],PARAMETER['Central_Meridian',-120.0],PARAMETER['Standard_Parallel_1',34.0],PARAMETER['Standard_Parallel_2',40.5],PARAMETER['Latitude_Of_Origin',0.0],UNIT['Meter',1.0]]</Process><Process ToolSource="c:\program files (x86)\arcgis\desktop10.6\ArcToolbox\Toolboxes\Data Management Tools.tbx\Append" Date="20181109" Time="231054">Append 'EventPolygon Hill' C:\2018_Incidents\Hill\ir\20181110\20181109_2150_Hill_HeatPerimeter.shp NO_TEST "Id "Id" true false false 6 Long 0 6 ,First,#;GIS_Acres "GIS_Acres" true false false 19 Double 0 0 ,First,#,EventPolygon Hill,GIS_Acres,-1,-1" #</Process><Process ToolSource="C:\Program Files (x86)\XTools\XTools Pro\Toolbox\XTools Pro.tbx\XToolsGP_CalculateGeometry" Date="20181109" Time="232935">XToolsGP_CalculateGeometry 20181109_2150_Hill_HeatPerimeter "ACRES GIS_Acres" Unknown PROJCS['NAD_1983_California_Teale_Albers',GEOGCS['GCS_North_American_1983',DATUM['D_North_American_1983',SPHEROID['GRS_1980',6378137.0,298.257222101]],PRIMEM['Greenwich',0.0],UNIT['Degree',0.0174532925199433]],PROJECTION['Albers'],PARAMETER['False_Easting',0.0],PARAMETER['False_Northing',-4000000.0],PARAMETER['Central_Meridian',-120.0],PARAMETER['Standard_Parallel_1',34.0],PARAMETER['Standard_Parallel_2',40.5],PARAMETER['Latitude_Of_Origin',0.0],UNIT['Meter',1.0]] Meters PLANAR</Process><Process ToolSource="c:\arcgis\desktop10.5\ArcToolbox\Toolboxes\Data Management Tools.tbx\Project" Date="20181110" Time="093429">Project 20181109_2150_Hill_HeatPerimeter D:\Perimeters\06_Saturday\Final\ca_hill_20181109_2150_dd83.shp GEOGCS['GCS_North_American_1983',DATUM['D_North_American_1983',SPHEROID['GRS_1980',6378137.0,298.257222101]],PRIMEM['Greenwich',0.0],UNIT['Degree',0.0174532925199433]] # PROJCS['NAD_1983_California_Teale_Albers',GEOGCS['GCS_North_American_1983',DATUM['D_North_American_1983',SPHEROID['GRS_1980',6378137.0,298.257222101]],PRIMEM['Greenwich',0.0],UNIT['Degree',0.0174532925199433]],PROJECTION['Albers'],PARAMETER['False_Easting',0.0],PARAMETER['False_Northing',-4000000.0],PARAMETER['Central_Meridian',-120.0],PARAMETER['Standard_Parallel_1',34.0],PARAMETER['Standard_Parallel_2',40.5],PARAMETER['Latitude_Of_Origin',0.0],UNIT['Meter',1.0]] NO_PRESERVE_SHAPE # NO_VERTICAL</Process></lineage></DataProperties></Esri></metadata>
