<?xml version="1.0" encoding="UTF-8"?>
<metadata xml:lang="en"><Esri><SyncOnce>TRUE</SyncOnce><ArcGISFormat>1.0</ArcGISFormat><DataProperties><lineage><Process ToolSource="c:\program files (x86)\arcgis\desktop10.5\ArcToolbox\Toolboxes\Data Management Tools.tbx\CalculateField" Date="20170612" Time="163815">CalculateField "Event Polygon" CreateName [created_user] VB #</Process><Process ToolSource="c:\program files (x86)\arcgis\desktop10.5\ArcToolbox\Toolboxes\Data Management Tools.tbx\CalculateField" Date="20170612" Time="163830">CalculateField "Event Polygon" CreateDate [created_date] VB #</Process><Process ToolSource="c:\program files (x86)\arcgis\desktop10.5\ArcToolbox\Toolboxes\Data Management Tools.tbx\CalculateField" Date="20170612" Time="163843">CalculateField "Event Polygon" EditName [last_edited_user] VB #</Process><Process ToolSource="c:\program files (x86)\arcgis\desktop10.5\ArcToolbox\Toolboxes\Data Management Tools.tbx\TruncateTable" Date="20180209" Time="153448">TruncateTable EventPolygon</Process><Process ToolSource="c:\program files (x86)\arcgis\desktop10.5\ArcToolbox\Toolboxes\Data Management Tools.tbx\TruncateTable" Date="20180221" Time="111741">TruncateTable EventPolygon</Process><Process ToolSource="c:\program files (x86)\arcgis\desktop10.5\ArcToolbox\Toolboxes\Data Management Tools.tbx\TruncateTable" Date="20180221" Time="111813">TruncateTable EventPolygon</Process><Process ToolSource="c:\arcgis\desktop10.5\ArcToolbox\Toolboxes\Data Management Tools.tbx\Project" Date="20181118" Time="084915">Project EventPolygon D:\Perimeters\07_Sunday\Process\ca_woolsey_20181118_0559_mixed_alb.shp PROJCS['USA_Contiguous_Albers_Equal_Area_Conic_USGS_version',GEOGCS['GCS_North_American_1983',DATUM['D_North_American_1983',SPHEROID['GRS_1980',6378137.0,298.257222101]],PRIMEM['Greenwich',0.0],UNIT['Degree',0.0174532925199433]],PROJECTION['Albers'],PARAMETER['False_Easting',0.0],PARAMETER['False_Northing',0.0],PARAMETER['Central_Meridian',-96.0],PARAMETER['Standard_Parallel_1',29.5],PARAMETER['Standard_Parallel_2',45.5],PARAMETER['Latitude_Of_Origin',23.0],UNIT['Meter',1.0]] WGS_1984_(ITRF00)_To_NAD_1983 GEOGCS['GCS_WGS_1984',DATUM['D_WGS_1984',SPHEROID['WGS_1984',6378137.0,298.257223563]],PRIMEM['Greenwich',0.0],UNIT['Degree',0.0174532925199433]] NO_PRESERVE_SHAPE # NO_VERTICAL</Process><Process ToolSource="c:\arcgis\desktop10.5\ArcToolbox\Toolboxes\Data Management Tools.tbx\Project" Date="20181118" Time="085049">Project ca_woolsey_20181118_0559_mixed_alb D:\Perimeters\07_Sunday\Final\ca_woolsey_20181118_0559_dd83.shp GEOGCS['GCS_North_American_1983',DATUM['D_North_American_1983',SPHEROID['GRS_1980',6378137.0,298.257222101]],PRIMEM['Greenwich',0.0],UNIT['Degree',0.0174532925199433]] # PROJCS['USA_Contiguous_Albers_Equal_Area_Conic_USGS_version',GEOGCS['GCS_North_American_1983',DATUM['D_North_American_1983',SPHEROID['GRS_1980',6378137.0,298.257222101]],PRIMEM['Greenwich',0.0],UNIT['Degree',0.0174532925199433]],PROJECTION['Albers'],PARAMETER['False_Easting',0.0],PARAMETER['False_Northing',0.0],PARAMETER['Central_Meridian',-96.0],PARAMETER['Standard_Parallel_1',29.5],PARAMETER['Standard_Parallel_2',45.5],PARAMETER['Latitude_Of_Origin',23.0],UNIT['Meter',1.0]] NO_PRESERVE_SHAPE # NO_VERTICAL</Process></lineage><itemProps><itemLocation><linkage Sync="TRUE">file://\\LAPTOP-O1US58BP\Users\Kathleen Delos Reyes\Documents\ArcGIS\FeatureServiceLocalEdits\GISS_Event_GISSEdit\fsFE68BDEEB0D74B92B9D95C370F26C695.gdb</linkage><protocol Sync="TRUE">Local Area Network</protocol></itemLocation></itemProps></DataProperties><CreaDate>20181118</CreaDate><CreaTime>08504800</CreaTime></Esri><idinfo><descript><abstract>EventPolygon</abstract><purpose>EventPolygon</purpose></descript><keywords><theme><themekt>X-Ray</themekt><themekey/></theme></keywords><accconst/><useconst/><status><progress/><update/></status><spdom><bounding><westbc>NaN</westbc><eastbc>NaN</eastbc><northbc>NaN</northbc><southbc>NaN</southbc></bounding></spdom></idinfo><eainfo><detailed Name=""><attr><attrlabl Sync="TRUE">OBJECTID</attrlabl><attalias Sync="TRUE">OBJECTID</attalias><attrtype Sync="TRUE">OID</attrtype><attwidth Sync="TRUE">4</attwidth><atprecis Sync="TRUE">0</atprecis><attscale Sync="TRUE">0</attscale><attrdef Sync="TRUE">Internal feature number.</attrdef><attrdefs Sync="TRUE">Esri</attrdefs><attrdomv><udom Sync="TRUE">Sequential unique whole numbers that are automatically generated.</udom></attrdomv></attr><attr><attrlabl Sync="TRUE">SHAPE</attrlabl><attalias Sync="TRUE">SHAPE</attalias><attrtype Sync="TRUE">Geometry</attrtype><attwidth Sync="TRUE">0</attwidth><atprecis Sync="TRUE">0</atprecis><attscale Sync="TRUE">0</attscale><attrdef Sync="TRUE">Feature geometry.</attrdef><attrdefs Sync="TRUE">Esri</attrdefs><attrdomv><udom Sync="TRUE">Coordinates defining the features.</udom></attrdomv></attr><attr><attrlabl Sync="TRUE">Collector</attrlabl><attalias Sync="TRUE">Collector Name</attalias><attrtype Sync="TRUE">String</attrtype><attwidth Sync="TRUE">50</attwidth><atprecis Sync="TRUE">0</atprecis><attscale Sync="TRUE">0</attscale><attrdef Sync="TRUE">Collector</attrdef></attr><attr><attrlabl Sync="TRUE">Comments</attrlabl><attalias Sync="TRUE">Comments</attalias><attrtype Sync="TRUE">String</attrtype><attwidth Sync="TRUE">255</attwidth><atprecis Sync="TRUE">0</atprecis><attscale Sync="TRUE">0</attscale><attrdef Sync="TRUE">Comments</attrdef></attr><attr><attrlabl Sync="TRUE">ComplexID</attrlabl><attalias Sync="TRUE">ComplexID</attalias><attrtype Sync="TRUE">String</attrtype><attwidth Sync="TRUE">50</attwidth><atprecis Sync="TRUE">0</atprecis><attscale Sync="TRUE">0</attscale><attrdef Sync="TRUE">ComplexID</attrdef></attr><attr><attrlabl Sync="TRUE">ComplexName</attrlabl><attalias Sync="TRUE">ComplexName</attalias><attrtype Sync="TRUE">String</attrtype><attwidth Sync="TRUE">50</attwidth><atprecis Sync="TRUE">0</atprecis><attscale Sync="TRUE">0</attscale><attrdef Sync="TRUE">ComplexName</attrdef></attr><attr><attrlabl Sync="TRUE">ContactEmail</attrlabl><attalias Sync="TRUE">ContactEmail</attalias><attrtype Sync="TRUE">String</attrtype><attwidth Sync="TRUE">50</attwidth><atprecis Sync="TRUE">0</atprecis><attscale Sync="TRUE">0</attscale><attrdef Sync="TRUE">ContactEmail</attrdef></attr><attr><attrlabl Sync="TRUE">ContactName</attrlabl><attalias Sync="TRUE">ContactName</attalias><attrtype Sync="TRUE">String</attrtype><attwidth Sync="TRUE">50</attwidth><atprecis Sync="TRUE">0</atprecis><attscale Sync="TRUE">0</attscale><attrdef Sync="TRUE">ContactName</attrdef></attr><attr><attrlabl Sync="TRUE">ContactPhone</attrlabl><attalias Sync="TRUE">ContactPhone</attalias><attrtype Sync="TRUE">String</attrtype><attwidth Sync="TRUE">25</attwidth><atprecis Sync="TRUE">0</atprecis><attscale Sync="TRUE">0</attscale><attrdef Sync="TRUE">ContactPhone</attrdef></attr><attr><attrlabl Sync="TRUE">CreateDate</attrlabl><attalias Sync="TRUE">CreateDate</attalias><attrtype Sync="TRUE">Date</attrtype><attwidth Sync="TRUE">8</attwidth><atprecis Sync="TRUE">0</atprecis><attscale Sync="TRUE">0</attscale><attrdef Sync="TRUE">CreateDate</attrdef></attr><attr><attrlabl Sync="TRUE">CreateName</attrlabl><attalias Sync="TRUE">CreateName</attalias><attrtype Sync="TRUE">String</attrtype><attwidth Sync="TRUE">50</attwidth><atprecis Sync="TRUE">0</atprecis><attscale Sync="TRUE">0</attscale><attrdef Sync="TRUE">CreateName</attrdef></attr><attr><attrlabl Sync="TRUE">DateCurrent</attrlabl><attalias Sync="TRUE">DateCurrent</attalias><attrtype Sync="TRUE">Date</attrtype><attwidth Sync="TRUE">8</attwidth><atprecis Sync="TRUE">0</atprecis><attscale Sync="TRUE">0</attscale><attrdef Sync="TRUE">DateCurrent</attrdef></attr><attr><attrlabl Sync="TRUE">DeleteThis</attrlabl><attalias Sync="TRUE">Delete this feature?</attalias><attrtype Sync="TRUE">String</attrtype><attwidth Sync="TRUE">3</attwidth><atprecis Sync="TRUE">0</atprecis><attscale Sync="TRUE">0</attscale><attrdef Sync="TRUE">DeleteThis</attrdef></attr><attr><attrlabl Sync="TRUE">EditName</attrlabl><attalias Sync="TRUE">EditName</attalias><attrtype Sync="TRUE">String</attrtype><attwidth Sync="TRUE">50</attwidth><atprecis Sync="TRUE">0</atprecis><attscale Sync="TRUE">0</attscale><attrdef Sync="TRUE">EditName</attrdef></attr><attr><attrlabl Sync="TRUE">FeatureAccess</attrlabl><attalias Sync="TRUE">Feature Access</attalias><attrtype Sync="TRUE">String</attrtype><attwidth Sync="TRUE">50</attwidth><atprecis Sync="TRUE">0</atprecis><attscale Sync="TRUE">0</attscale><attrdef Sync="TRUE">FeatureAccess</attrdef></attr><attr><attrlabl Sync="TRUE">FeatureCategory</attrlabl><attalias Sync="TRUE">Feature Category (Polygon Type)</attalias><attrtype Sync="TRUE">String</attrtype><attwidth Sync="TRUE">50</attwidth><atprecis Sync="TRUE">0</atprecis><attscale Sync="TRUE">0</attscale><attrdef Sync="TRUE">FeatureCategory</attrdef></attr><attr><attrlabl Sync="TRUE">FeatureStatus</attrlabl><attalias Sync="TRUE">Feature Status</attalias><attrtype Sync="TRUE">String</attrtype><attwidth Sync="TRUE">20</attwidth><atprecis Sync="TRUE">0</atprecis><attscale Sync="TRUE">0</attscale><attrdef Sync="TRUE">FeatureStatus</attrdef></attr><attr><attrlabl Sync="TRUE">GACC</attrlabl><attalias Sync="TRUE">GACC</attalias><attrtype Sync="TRUE">String</attrtype><attwidth Sync="TRUE">5</attwidth><atprecis Sync="TRUE">0</atprecis><attscale Sync="TRUE">0</attscale><attrdef Sync="TRUE">GACC</attrdef></attr><attr><attrlabl Sync="TRUE">GeometryID</attrlabl><attalias Sync="TRUE">GeometryID</attalias><attrtype Sync="TRUE">GUID</attrtype><attwidth Sync="TRUE">38</attwidth><atprecis Sync="TRUE">0</atprecis><attscale Sync="TRUE">0</attscale><attrdef Sync="TRUE">GeometryID</attrdef></attr><attr><attrlabl Sync="TRUE">GISAcres</attrlabl><attalias Sync="TRUE">Acres</attalias><attrtype Sync="TRUE">Double</attrtype><attwidth Sync="TRUE">8</attwidth><atprecis Sync="TRUE">0</atprecis><attscale Sync="TRUE">0</attscale><attrdef Sync="TRUE">GISAcres</attrdef></attr><attr><attrlabl Sync="TRUE">GlobalID</attrlabl><attalias Sync="TRUE">GlobalID</attalias><attrtype Sync="TRUE">GlobalID</attrtype><attwidth Sync="TRUE">38</attwidth><atprecis Sync="TRUE">0</atprecis><attscale Sync="TRUE">0</attscale><attrdef Sync="TRUE">GlobalID</attrdef></attr><attr><attrlabl Sync="TRUE">IMTName</attrlabl><attalias Sync="TRUE">IMTName</attalias><attrtype Sync="TRUE">String</attrtype><attwidth Sync="TRUE">25</attwidth><atprecis Sync="TRUE">0</atprecis><attscale Sync="TRUE">0</attscale><attrdef Sync="TRUE">IMTName</attrdef></attr><attr><attrlabl Sync="TRUE">IncidentName</attrlabl><attalias Sync="TRUE">Incident Name</attalias><attrtype Sync="TRUE">String</attrtype><attwidth Sync="TRUE">50</attwidth><atprecis Sync="TRUE">0</atprecis><attscale Sync="TRUE">0</attscale><attrdef Sync="TRUE">IncidentName</attrdef></attr><attr><attrlabl Sync="TRUE">IRWINID</attrlabl><attalias Sync="TRUE">IRWINID</attalias><attrtype Sync="TRUE">String</attrtype><attwidth Sync="TRUE">50</attwidth><atprecis Sync="TRUE">0</atprecis><attscale Sync="TRUE">0</attscale><attrdef Sync="TRUE">IRWINID</attrdef></attr><attr><attrlabl Sync="TRUE">IsVisible</attrlabl><attalias Sync="TRUE">IsVisible</attalias><attrtype Sync="TRUE">String</attrtype><attwidth Sync="TRUE">5</attwidth><atprecis Sync="TRUE">0</atprecis><attscale Sync="TRUE">0</attscale><attrdef Sync="TRUE">IsVisible</attrdef></attr><attr><attrlabl Sync="TRUE">Label</attrlabl><attalias Sync="TRUE">Label</attalias><attrtype Sync="TRUE">String</attrtype><attwidth Sync="TRUE">100</attwidth><atprecis Sync="TRUE">0</atprecis><attscale Sync="TRUE">0</attscale><attrdef Sync="TRUE">Label</attrdef></attr><attr><attrlabl Sync="TRUE">LocalIncidentID</attrlabl><attalias Sync="TRUE">LocalIncidentID</attalias><attrtype Sync="TRUE">String</attrtype><attwidth Sync="TRUE">10</attwidth><atprecis Sync="TRUE">0</atprecis><attscale Sync="TRUE">0</attscale><attrdef Sync="TRUE">LocalIncidentID</attrdef></attr><attr><attrlabl Sync="TRUE">MapMethod</attrlabl><attalias Sync="TRUE">Map Method</attalias><attrtype Sync="TRUE">String</attrtype><attwidth Sync="TRUE">25</attwidth><atprecis Sync="TRUE">0</atprecis><attscale Sync="TRUE">0</attscale><attrdef Sync="TRUE">MapMethod</attrdef></attr><attr><attrlabl Sync="TRUE">PolygonDateTime</attrlabl><attalias Sync="TRUE">PolygonDateTime</attalias><attrtype Sync="TRUE">Date</attrtype><attwidth Sync="TRUE">8</attwidth><atprecis Sync="TRUE">0</atprecis><attscale Sync="TRUE">0</attscale><attrdef Sync="TRUE">PolygonDateTime</attrdef></attr><attr><attrlabl Sync="TRUE">UnitID</attrlabl><attalias Sync="TRUE">UnitID</attalias><attrtype Sync="TRUE">String</attrtype><attwidth Sync="TRUE">12</attwidth><atprecis Sync="TRUE">0</atprecis><attscale Sync="TRUE">0</attscale><attrdef Sync="TRUE">UnitID</attrdef></attr></detailed></eainfo></metadata>
