<?xml version="1.0" encoding="UTF-8"?>
<metadata xml:lang="en"><Esri><CreaDate>20171218</CreaDate><CreaTime>09111500</CreaTime><ArcGISFormat>1.0</ArcGISFormat><ArcGISstyle>XTools Pro Metadata</ArcGISstyle><SyncOnce>TRUE</SyncOnce><DataProperties><itemProps><itemLocation><linkage Sync="TRUE">file://\\gs.doi.net\DenverCO-g_gecsc\gecsc\ProjectWorkspace\GeoMAC\current_year\perimeter_current_year\incoming\jim\2017_12_18_mon_6_perims_CA\ca_thomas_20171217_1930_dd83</linkage><protocol Sync="TRUE">Local Area Network</protocol></itemLocation></itemProps><copyHistory><copy source="C:\a1_load\reproject\ca_thomas_20171217_1930_dd83" dest="\\gs.doi.net\DenverCO-g_gecsc\gecsc\ProjectWorkspace\GeoMAC\current_year\perimeter_current_year\incoming\jim\2017_12_18_mon_6_perims_CA\ca_thomas_20171217_1930_dd83" date="20171218" time="09111500"></copy></copyHistory></DataProperties></Esri></metadata>
