<?xml version="1.0" encoding="UTF-8"?>
<metadata xml:lang="en"><Esri><CreaDate>20171215</CreaDate><CreaTime>10573200</CreaTime><ArcGISFormat>1.0</ArcGISFormat><SyncOnce>TRUE</SyncOnce><DataProperties><lineage><Process ToolSource="c:\arcgis\desktop10.5\ArcToolbox\Toolboxes\Data Management Tools.tbx\Project" Date="20171215" Time="105732">Project Thomas_FGX_EventPolygon_2230 D:\Perimeters\05_Friday\Final\ca_thomas_20171214_2230_dd83.shp GEOGCS['GCS_North_American_1983',DATUM['D_North_American_1983',SPHEROID['GRS_1980',6378137.0,298.257222101]],PRIMEM['Greenwich',0.0],UNIT['Degree',0.0174532925199433]] # PROJCS['NAD_1983_California_Teale_Albers_FtUS',GEOGCS['GCS_North_American_1983',DATUM['D_North_American_1983',SPHEROID['GRS_1980',6378137.0,298.257222101]],PRIMEM['Greenwich',0.0],UNIT['Degree',0.0174532925199433]],PROJECTION['Albers'],PARAMETER['False_Easting',0.0],PARAMETER['False_Northing',-4000000.0],PARAMETER['Central_Meridian',-120.0],PARAMETER['Standard_Parallel_1',34.0],PARAMETER['Standard_Parallel_2',40.5],PARAMETER['Latitude_Of_Origin',0.0],UNIT['Foot_US',0.3048006096012192]] NO_PRESERVE_SHAPE # NO_VERTICAL</Process></lineage></DataProperties></Esri></metadata>
