<?xml version="1.0" encoding="UTF-8"?>
<metadata xml:lang="en"><Esri><CreaDate>20160712</CreaDate><CreaTime>08342000</CreaTime><ArcGISFormat>1.0</ArcGISFormat><SyncOnce>TRUE</SyncOnce><DataProperties><itemProps><itemLocation><linkage Sync="TRUE">file://\\gs.doi.net\denverco-g_gecsc\GECSC\Projects\GeoMAC\current_year\perimeter_current_year\incoming\jim\07_12_Tues_2_perims\20160712_0136_dd83</linkage><protocol Sync="TRUE">Local Area Network</protocol></itemLocation></itemProps><copyHistory><copy source="C:\a1_load\reproject\20160712_0136_dd83" dest="\\gs.doi.net\denverco-g_gecsc\GECSC\Projects\GeoMAC\current_year\perimeter_current_year\incoming\jim\07_12_Tues_2_perims\20160712_0136_dd83" date="20160712" time="08342000"></copy></copyHistory></DataProperties></Esri></metadata>
